record_id	business_name	business_address	country
S2_TRN_0001	Keystone Precision Manufacturing Co	1500 Spring Garden Street, PA 19130	US
S2_TRN_0002	Juniper BioPharma Laboratories L.L.C.	400 Technology Square, Cambridge, MA 02139	
S2_TRN_0003	Bosch Mobility Systems Technologies GmbH	robert-bosch-platz 1, gerlingen 70839	Germany
S2_TRN_0004	BNP Paribas Asset Management France	1 Blvd Haussmann, Paris 75009	France
S2_TRN_0005	Echo Valley Energy Partners LP	1100 Louisiana St., Houston, TX 77002	US
S2_TRN_0006	Mahindra Aerospace & Defence Solutions	Mahindra Towers, Mumbai 400018	
S2_TRN_0007	Cascade Financial Group	800 Fifth Ave, Fl 12, Seattle, WA 98104	US
S2_TRN_0008	Sun Pharmaceutical Industries Ltd	Sun House, Goregaon, Mumbai 400063	
S2_TRN_0009	SAP Enterprise Solutions SE	Dietmar-Hopp-Allee 16, Walldorf 69190	Germany
S2_TRN_0010	Schneider Electric Industries SAS	35 Rue Joseph Monier, Rueil-Malmaison 92500	France
S2_TRN_0011	Acme Global Technologies Corp	101 Market St., Ste 400, San Francisco, CA 94105	US
S2_TRN_0012	Apex Global Technologies	102 Market St, San Francisco, CA	US
S2_TRN_0013	Blue Horizon Healthcare	1250 Beacon St, Boston, MA	US
S2_TRN_0014	Infosys BPO Services	Electronics City Phase 2, Bengaluru	India
S2_TRN_0015	Siemens Healthineers AG	Henkestrasse 127, Erlangen	Germany
S2_TRN_0016	Sanofi Consumer Healthcare	54 Rue La Boetie, Paris	France
