source1_entity_id	matched_entity_ids
S1_TRN_0001	[S2_TRN_0001]
S1_TRN_0002	[]
S1_TRN_0003	[S2_TRN_0002]
S1_TRN_0004	[S2_TRN_0003]
S1_TRN_0005	[]
S1_TRN_0006	[S2_TRN_0004]
S1_TRN_0007	[]
S1_TRN_0008	[S2_TRN_0005]
S1_TRN_0009	[S3_TRN_0001]
S1_TRN_0010	[]
S1_TRN_0011	[S3_TRN_0002]
S1_TRN_0012	[S3_TRN_0003]
S1_TRN_0013	[]
S1_TRN_0014	[S2_TRN_0006, S3_TRN_0004]
S1_TRN_0015	[S2_TRN_0007]
S1_TRN_0016	[S3_TRN_0005]
S1_TRN_0017	[S2_TRN_0008]
S1_TRN_0018	[]
S1_TRN_0019	[]
S1_TRN_0020	[S3_TRN_0006]
S1_TRN_0021	[S2_TRN_0009]
S1_TRN_0022	[S2_TRN_0010, S3_TRN_0007]
S1_TRN_0023	[S2_TRN_0011]
S1_TRN_0024	[S3_TRN_0008]
S1_TRN_0025	[]
S1_TRN_0026	[S3_TRN_0009]
