record_id	business_name	business_address	country
S3_TRN_0001	TotalEnergies Renouvelables France	2 place jean millier, la defense 92078	France
S3_TRN_0002	Sanofi Pasteur Vaccines Laboratories	14 Espace Henry Vallee, Lyon 69007	France
S3_TRN_0003	Dynamic Cloud Software Inc	3400 Hillview Avenue, CA 94304	US
S3_TRN_0004	Mahindra Aerospace & Defence Solutions	mahindra towers, worli, mumbai 400018	India
S3_TRN_0005	Capgemini Consulting SAS	11 Rue de Tilsitt, Paris 75017	France
S3_TRN_0006	Reckitt Benckiser Consumer Health PLC	103-105 Bath Road, Slough SL1 3UH	
S3_TRN_0007	Schneider Electric SAS	35 Rue Joseph Monier, Rueil-Malmaison 92500	France
S3_TRN_0008	Vodafone Enterprise Global Services Ltd	One Kingdom Street, Paddington Central, London W2 6BD	United Kingdom
S3_TRN_0009	Bharat Heavy Electricals Limited	BHEL House, New Delhi 110049	India
S3_TRN_0010	Apex Global Technologies Intl	102 Market St, San Francisco, CA	US
S3_TRN_0011	Blue Horizon Healthcare Intl	1250 Beacon St, Boston, MA	US
S3_TRN_0012	Infosys BPO Services Intl	Electronics City Phase 2, Bengaluru	India
S3_TRN_0013	Siemens Healthineers AG Intl	Henkestrasse 127, Erlangen	Germany
S3_TRN_0014	Sanofi Consumer Healthcare Intl	54 Rue La Boetie, Paris	France
